Base Produit;Catégorie;Prix de Vente;Variants;Stock Total;EAN List;Couleurs;Priority
APPAREIL PHOTO ENFANT MUVIT KIDPIC;ACCESSOIRES;59.99€;1;38;3663111187236;BLEU;MEDIUM
CABLE LUMINEUX MY WAY USB A - LIGNING;ACCESSOIRES;14.99€;1;93;3663111196245;UNIQUE;HIGH
CABLE LUMINEUX MY WAY USB A - USB C;ACCESSOIRES;14.99€;1;190;3663111196221;UNIQUE;HIGH
CABLE LUMINEUX MY WAY USB C - LIGNING;ACCESSOIRES;16.99€;1;200;3663111196252;UNIQUE;HIGH
CABLE LUMINEUX MY WAY USB C - USB C;ACCESSOIRES;16.99€;1;164;3663111196238;UNIQUE;HIGH
CABLE RETRACTABLE MY WAY USB C 3 EN 1 100 W;ACCESSOIRES;19.99€;1;91;3663111196269;UNIQUE;HIGH
CABLE TIGER POWER LITE 6 EN 1 AVEC APPLE WATCH;ACCESSOIRES;29.99€;1;96;3663111196283;UNIQUE;HIGH
CASQUE ANC HIFUTURE TOUR;AUDIO;44.99€;1;109;6972576181350;NOIR;HIGH
CASQUE ANC HIFUTURE TOUR X;AUDIO;69.99€;1;30;6972576182203;NOIR;MEDIUM
CASQUE ANC HIFUTURE TOUR X CHAMPAGNE;AUDIO;69.99€;1;31;6972576182210;UNIQUE;MEDIUM
CASQUE SANS FILS ENFANTS MUVIT CHAT;AUDIO;39.99€;1;19;3663111190502;UNIQUE;LOW
CASQUE SANS FILS ENFANTS MUVIT DRAGON;AUDIO;39.99€;1;22;3663111190519;UNIQUE;MEDIUM
CASQUE SANS FILS ENFANTS MUVIT LAPIN;AUDIO;39.99€;1;24;3663111190496;UNIQUE;MEDIUM
CASQUE SANS FILS ENFANTS MUVIT LICNE;AUDIO;39.99€;1;15;3663111190472;OR;LOW
CASQUE SANS FILS ENFANTS MUVIT PIKA;AUDIO;39.99€;1;21;3663111190489;UNIQUE;MEDIUM
CHARGEUR SANS FILS MY WAY 15W MAGSAFE DONUTS;ACCESSOIRES;24.99€;1;45;3663111183221;UNIQUE;MEDIUM
ECOUTEUR CONDUCTION A AIR MATE;AUDIO;34.99€;2;142;6972576180933, 6972576180940;NOIR, GRIS;HIGH
ECOUTEUR FILLAIRE HIFUTURE HI5 CHAMPAGNE;AUDIO;16.99€;1;61;6972576181626;UNIQUE;HIGH
ECOUTEUR HIFUTURE FLYBUDS 4 ANC;AUDIO;44.99€;1;19;6972576182265;NOIR;LOW
ECOUTEUR HIFUTURE FLYBUDS 4 ANC BEIGE;AUDIO;44.99€;1;22;6972576182296;UNIQUE;MEDIUM
ECOUTEUR HIFUTURE FLYBUDS 4 ANC CHAUD;AUDIO;44.99€;1;20;6972576182289;ROSE;LOW
ECOUTEUR HIFUTURE OLYMBUDS 3;AUDIO;24.99€;2;158;6872576181688, 6972576181695;NOIR, BLANC;HIGH
ECOUTEUR HIFUTURE SONIC AIR;AUDIO;24.99€;2;209;6972576181657, 6972576181664;NOIR, BLANC;HIGH
ECOUTEUR HIFUTURE SONIC AIR CHAMPAGNE;AUDIO;24.99€;1;100;6972576181671;UNIQUE;HIGH
ECOUTEUR HIFUTURE SONIFY;AUDIO;44.99€;1;0;6972576182067;NOIR;OUT_OF_STOCK
ECOUTEUR HIFUTURE SONIFY CHAMPAGNE;AUDIO;44.99€;1;18;6972576182074;UNIQUE;LOW
ECOUTEUR HIFUTURE YAC;AUDIO;59.99€;2;17;6972576181381, 6972576181367;ROSE, BLACK;LOW
ECOUTEUR HIFUTURE YAC BLACK;AUDIO;59.99€;1;3;6972576181374;GOLD;LOW
ENCEINTE HIFUTURE ALTUS;AUDIO;29.99€;3;45;6972576181312, 6972576181336, 6972576181329;NOIR, ROUGE, BLEU;MEDIUM
ENCEINTE HIFUTURE ALTUS CAMO;AUDIO;29.99€;1;0;6972576181510;VERT;OUT_OF_STOCK
ENCEINTE HIFUTURE ASCENDO;AUDIO;54.99€;2;47;6972576181565, 6972576182128;NOIR, ROSE;MEDIUM
ENCEINTE HIFUTURE GRAVITY;AUDIO;89.99€;2;38;6972576181121, 6972576181138;NOIR, BLEU;MEDIUM
ENCEINTE HIFUTURE RIPPLE;AUDIO;64.99€;3;23;6972576181039, 6972576181046, 6972576181053;NOIR, ROUGE, BLEU;MEDIUM
HON X5;MONTRES;49.99€;1;315;6975840260126;OR;HIGH
HONOR X6C 6+6/128;SMARTPHONE;199.99€;2;0;6936520869527, 6936520869510;BLEU, NOIR;OUT_OF_STOCK
HONOR X9C 12+8/256;SMARTPHONE;499.99€;1;0;6936520857951;NOIR;OUT_OF_STOCK
MONSTER BLASTER MICRO;AUDIO;39.99€;1;0;0810079706099;NOIR;OUT_OF_STOCK
MONSTER CABLE ESSENTIAL FIBRE OPTIQUE 1M5;ACCESSOIRES;22.99€;1;0;0850015401039;UNIQUE;OUT_OF_STOCK
MONSTER CABLE ESSENTIAL FIBRE OPTIQUE 3M;ACCESSOIRES;27.99€;1;0;0850015401046;UNIQUE;OUT_OF_STOCK
MONSTER CABLE HDMI ESSENTIAL 4K 1M8;ACCESSOIRES;24.99€;1;149;0741835115131;UNIQUE;HIGH
MONSTER CABLE HDMI ESSENTIAL 4K 3M6;ACCESSOIRES;34.99€;1;19;0741835115148;UNIQUE;LOW
MONSTER CABLE HDMI ESSENTIAL 8K 1M8;ACCESSOIRES;44.99€;1;96;0741835116626;UNIQUE;HIGH
MONSTER CABLE TYPE C VERS HDMI 4K 2M;ACCESSOIRES;49.99€;1;80;0850015401374;UNIQUE;HIGH
MONSTER CASQUE HDTV;AUDIO;44.99€;1;0;0805106893651;UNIQUE;OUT_OF_STOCK
MONSTER CHAMPION AIRLINKS;AUDIO;139.99€;1;0;0850015401817;UNIQUE;OUT_OF_STOCK
MONSTER ELEMENT AIR;AUDIO;199.99€;1;35;0810131220969;UNIQUE;MEDIUM
MONSTER ENCEINTE CUBE 1;AUDIO;49.99€;1;0;0810079705528;NOIR;OUT_OF_STOCK
MONSTER ENCEINTE PARTY BOX SPARKLE;AUDIO;179.99€;1;0;0810079707645;UNIQUE;OUT_OF_STOCK
MONSTER ENCEINTE PARTY MUSIC BOX GO + 2 MICRO;AUDIO;279.99€;1;0;0810079706518;UNIQUE;OUT_OF_STOCK
MONSTER ENCEINTE S150;AUDIO;59.99€;1;0;0810079705764;NOIR;OUT_OF_STOCK
MONSTER ENCEINTE S150 PLUS;AUDIO;99.99€;1;0;0810079705467;NOIR;OUT_OF_STOCK
MONSTER ENCEINTE TRAVELER;AUDIO;299.99€;1;0;0810079706860;UNIQUE;OUT_OF_STOCK
MONSTER ILLUMINESCENCE BASIC AMPOULE A19 NON-SMART;LED;10.99€;1;0;0805106893378;UNIQUE;OUT_OF_STOCK
MONSTER ILLUMINESCENCE BASIC LED LIG BAR PAIR RGB INT;LED;21.99€;1;0;0805106897246;UNIQUE;OUT_OF_STOCK
MONSTER ILLUMINESCENCE BASIC LED TOUCH LIG X3 RGB INT;LED;26.99€;1;0;0805106897253;UNIQUE;OUT_OF_STOCK
MONSTER ILLUMINESCENCE BASIC LIG STRIP 2X 5M RGB+W SOUND REACTIVE INT;LED;55.99€;1;0;0805106896416;UNIQUE;OUT_OF_STOCK
MONSTER ILLUMINESCENCE BASIC LIG STRIP 30M RGB INT;LED;74.99€;1;0;0805106897314;UNIQUE;OUT_OF_STOCK
MONSTER ILLUMINESCENCE BASIC LIG STRIP 5M MULTICOL INT/EXT IPX6;LED;39.99€;1;0;0805106893323;OR;OUT_OF_STOCK
MONSTER ILLUMINESCENCE BASIC LIGSTRIP 2M COLOR/ INT;LED;17.99€;1;0;0805106893330;BLANC;OUT_OF_STOCK
MONSTER ILLUMINESCENCE BASIC LIGSTRIP 2M MOTION REACTIVE PILES INT;LED;21.99€;1;0;0805106896355;UNIQUE;OUT_OF_STOCK
MONSTER ILLUMINESCENCE BASIC LIGSTRIP 2M MULTICOL SOUND FLOW INT;LED;19.99€;1;0;0805106896478;OR;OUT_OF_STOCK
MONSTER ILLUMINESCENCE BASIC LIGSTRIP 2M MULTICOULEUR INT;LED;13.99€;1;0;0805106235765;UNIQUE;OUT_OF_STOCK
MONSTER ILLUMINESCENCE BASIC LIGSTRIP 2M NEON RGB SOUND REACTIVE INT;LED;26.99€;1;0;0805106897260;UNIQUE;OUT_OF_STOCK
MONSTER ILLUMINESCENCE BASIC LIGSTRIP 4M MULTICOL SOUND FLOW INT;LED;26.99€;1;0;0805106897277;OR;OUT_OF_STOCK
MONSTER ILLUMINESCENCE BASIC LIGSTRIP 5M MULTICOL SOUND FLOW INT;LED;44.99€;1;0;0805106896447;OR;OUT_OF_STOCK
MONSTER ILLUMINESCENCE DUO + SOUND REACTIVE MONIT LIG;LED;44.99€;1;0;0805106897413;OR;OUT_OF_STOCK
MONSTER ILLUMINESCENCE SMART BEAM + 2X BARS RGB IC SOUND REACTIVE;LED;149.99€;1;0;0805106897406;UNIQUE;OUT_OF_STOCK
MONSTER ILLUMINESCENCE SMART CHROMA LIG 2X BARS RGB IC;LED;49.99€;1;0;0805106898397;UNIQUE;OUT_OF_STOCK
MONSTER ILLUMINESCENCE SMART LIG STRIP 2M INT;LED;24.99€;1;15;0805106893194;UNIQUE;LOW
MONSTER ILLUMINESCENCE SMART LIG STRIP 2M MULTICOL FLOW INT;LED;27.99€;1;0;0805106896317;OR;OUT_OF_STOCK
MONSTER ILLUMINESCENCE SMART LIG STRIP 2X 5M RGB+W SOUND REACT INT;LED;64.99€;1;0;0805106897321;UNIQUE;OUT_OF_STOCK
MONSTER ILLUMINESCENCE SMART LIG STRIP 4M MULTICOL FLOW INT;LED;39.99€;1;0;0805106896454;OR;OUT_OF_STOCK
MONSTER ILLUMINESCENCE SMART LIG STRIP 5M NEON FLOW MULTICOL INT/EXT;LED;99.99€;1;0;0805106897345;OR;OUT_OF_STOCK
MONSTER ILLUMINESCENCE SMART LIG STRIP 5M NEON INT/EXT;LED;56.99€;1;0;0805106893200;UNIQUE;OUT_OF_STOCK
MONSTER ILLUMINESCENCE SMART LIG STRIP 5M RGB + IC FLOW INT;LED;54.99€;1;0;0805106896461;UNIQUE;OUT_OF_STOCK
MONSTER ILLUMINESCENCE SMART LIG STRIP 5M RGB+W SOUND REACT INT;LED;39.99€;1;0;0805106897376;UNIQUE;OUT_OF_STOCK
MONSTER ILLUMINESCENCE SMART PRISM II X6 RGB+IC FLOW;LED;64.99€;1;0;0805106898625;UNIQUE;OUT_OF_STOCK
MONSTER MISSION 100;AUDIO;59.99€;2;0;0810079705863, 0810079705108;NOIR, BLANC;OUT_OF_STOCK
MONSTER MULTIPRISE 4 PRISES;ACCESSOIRES;29.99€;1;0;0850017011410;UNIQUE;OUT_OF_STOCK
MONSTER N LITE 206;MONTRES;89.99€;2;0;0810079706433, 0810079706440;NOIR, BLANC;OUT_OF_STOCK
MONSTER NETTOYANT ET LINGETTE 200ml;ACCESSOIRES;19.99€;1;96;0741835115209;UNIQUE;HIGH
MONSTER PERSONA SE ANC;AUDIO;99.99€;2;0;0810079706082, 0810079705733;NOIR, GRIS;OUT_OF_STOCK
MONSTER TH300 TACTILE;MONTRES;69.99€;2;0;0810079705924, 0810079705931;NOIR, BLANC;OUT_OF_STOCK
MONTRE HIFUTURE AIX ACIER;MONTRES;119.99€;1;5;6972576181428;NOIR;LOW
MONTRE HIFUTURE AIX E ACIER;MONTRES;119.99€;1;10;6972576181435;GRIS;LOW
MONTRE HIFUTURE GO PRO 2;MONTRES;109.99€;2;58;6972576182340, 6972576182357;NOIR, GRIS;HIGH
MONTRE HIFUTURE ZONE 2;MONTRES;49.99€;3;143;6972576181244, 6972576181251, 6972576181268;NOIR, ROSE, GRIS;HIGH
PARTYBOX HIFUTURE EVENT HORIZON;AUDIO;199.99€;1;6;6972576181206;NOIR;LOW
PARTYBOX HIFUTURE MUSICBOX;AUDIO;149.99€;1;6;6972576181343;NOIR;LOW
PARTYBOX HIFUTURE VOCALIST 300;AUDIO;269.99€;1;0;6972576181770;NOIR;OUT_OF_STOCK
POWERBANK ABYX 10K MAH;ACCESSOIRES;19.99€;2;369;4897069737123, 4897069737130;NOIR, BLANC;HIGH
POWERBANK MY WAY 5K MAH MAGSAFE;ACCESSOIRES;29.99€;1;120;3663111190434;UNIQUE;HIGH
POWERBANK MYWAY 10K MAH;ACCESSOIRES;19.99€;1;0;3663111191578;UNIQUE;OUT_OF_STOCK
POWERBANK MYWAY 20K MAH;ACCESSOIRES;29.99€;1;0;3663111191585;UNIQUE;OUT_OF_STOCK
ROULEAUX PAPIER PHOTO X5 KIDPIC ENFANT;ACCESSOIRES;7.99€;1;185;3663111187250;UNIQUE;HIGH
TELEPHONE HONOR 200 PRO 12+12/512;SMARTPHONE;799.99€;2;19;6936520845231, 6936520845248;VERT, BLANC;LOW
